{"train_loss": [0.6700298214964558, 0.11346283510374901, 0.036985131654016776, 0.014730369373732082, 0.013301131320440567], "train_accuracy": [0.808631695809048, 0.9652789342214821, 0.9892311962253677, 0.9963641409936165, 0.996225367749098], "val_loss": [0.18580302445917757, 0.1430009958653014, 0.1398824517030597, 0.14465816203118567, 0.1655958186722918], "val_accuracy": [0.940133779264214, 0.9527313266443701, 0.9546265328874024, 0.9564102564102565, 0.9536231884057971]}