{"train_loss": [0.6309432591795922, 0.10365314512252807, 0.03036501406058669, 0.014577211460843682, 0.013022962776198983], "train_accuracy": [0.821125, 0.969125, 0.992075, 0.99635, 0.99625], "val_loss": [0.17344352012574674, 0.1401383491873741, 0.14201111263036728, 0.16756045721024274, 0.1697744214773178], "val_accuracy": [0.9443, 0.9547, 0.9577, 0.9546, 0.9556]}