{"train_loss": [0.14874053158727474, 0.04661193806239559, 0.03253266707602597, 0.02305647827666083, 0.018139361866399365, 0.014338746346526023, 0.011019154677127895, 0.008997321895263137, 0.009398791997542882, 0.006497505803650346], "train_accuracy": [0.9549791666666667, 0.9854166666666667, 0.9900625, 0.9923958333333334, 0.9940208333333334, 0.9952291666666667, 0.9963333333333333, 0.9971666666666666, 0.9969791666666666, 0.9978125], "val_loss": [0.0622348681067427, 0.046550314351023796, 0.0384282865934462, 0.05220225727519331, 0.0390587888744097, 0.04620184500945955, 0.03882683131546946, 0.06233673539086279, 0.045252512698190986, 0.04327479445832214], "val_accuracy": [0.9813333333333333, 0.9861666666666666, 0.9885833333333334, 0.9848333333333333, 0.9895833333333334, 0.9883333333333333, 0.9890833333333333, 0.9845833333333334, 0.99025, 0.99025]}