{"train_loss": [0.15359172945349736, 0.04881644071230592, 0.03358233505803496, 0.022599827551936513, 0.01773523376386669, 0.013831756968241859, 0.011759794514323555, 0.010011152804392168, 0.008546503481675528, 0.0070598071567484905], "train_accuracy": [0.9530852196454196, 0.9844697495718188, 0.9886589825487201, 0.9928945053927696, 0.9938897375364533, 0.9956256075545064, 0.9958339119566727, 0.9967134194324863, 0.9971068833032449, 0.9976855066425959], "val_loss": [0.06380955433650386, 0.05720703661140163, 0.04123788308710732, 0.04461065656463463, 0.04479289253844656, 0.0605641029745323, 0.04635417453873269, 0.05016397119123491, 0.04724701241353801, 0.059001006326780944], "val_accuracy": [0.980544747081712, 0.9827682045580878, 0.9889753566796369, 0.9863813229571985, 0.9874930516953864, 0.9858254585881046, 0.9890680007411525, 0.9879562720029647, 0.987863627941449, 0.9891606448026682]}