{"train_loss": [0.2911471273986876, 0.10142826905502077, 0.0625069755242828, 0.06687669839592786, 0.055835291265442545], "train_accuracy": [0.8996069719753931, 0.965311004784689, 0.9779562542720438, 0.9776999316473001, 0.9829118250170882], "val_loss": [0.19549117396730148, 0.0733163309177245, 0.06614363458044496, 0.07496760817026937, 0.04937538182711762], "val_accuracy": [0.9289131920710868, 0.9767600820232399, 0.9791524265208476, 0.9719753930280246, 0.9846206425153794]}