{"train_loss": [0.31245762288621387, 0.10037086819891772, 0.07733401365831673, 0.06691024007117795, 0.08252917093930397], "train_accuracy": [0.8888994487739973, 0.9652157384527656, 0.973389089526706, 0.9769055312678198, 0.9728188557308497], "val_loss": [0.16717158019655368, 0.06014179245961411, 0.05906475526792356, 0.1530336113206493, 0.14715007870873553], "val_accuracy": [0.9425330812854442, 0.9799621928166352, 0.9826086956521739, 0.9580340264650283, 0.961436672967864]}